measured_date,temperatura,humedad,anomalia_temperatura_horas,anomalia_humedad_horas,anomalia_temperatura_dias,anomalia_humedad_dias
2021-04-23 19:02:32.763345+02:00,31.0,28.0,0,0,0,0
2021-04-23 19:02:32.763345+02:00,32.0,29.0,0,0,1,0
2021-04-23 19:02:32.763345+02:00,33.0,30.0,0,0,1,0
2021-04-23 19:02:32.763345+02:00,30.0,27.0,0,0,0,1
2021-04-23 19:02:32.763345+02:00,29.0,26.0,0,0,0,1
2021-04-23 16:37:30.389128+02:00,24.0,39.0,0,0,0,0
2021-04-23 16:37:30.389128+02:00,25.0,40.0,0,0,0,0
2021-04-23 16:37:30.389128+02:00,26.0,41.0,0,0,0,1
2021-04-23 16:37:30.389128+02:00,23.0,38.0,0,0,1,0
2021-04-23 16:37:30.389128+02:00,22.0,37.0,0,0,1,0
2021-04-24 21:43:07.182485+02:00,30.0,31.0,0,0,0,0
2021-04-24 21:43:07.182485+02:00,31.0,32.0,0,0,1,0
2021-04-24 21:43:07.182485+02:00,32.0,33.0,0,0,1,0
2021-04-24 21:43:07.182485+02:00,29.0,30.0,0,0,0,0
2021-04-24 21:43:07.182485+02:00,28.0,29.0,0,0,0,1
2021-04-24 05:47:45.992300+02:00,21.0,41.0,0,0,0,0
2021-04-24 05:47:45.992300+02:00,22.0,42.0,0,0,0,0
2021-04-24 05:47:45.992300+02:00,23.0,43.0,0,0,0,0
2021-04-24 05:47:45.992300+02:00,20.0,40.0,0,0,1,0
2021-04-24 05:47:45.992300+02:00,19.0,39.0,0,0,1,0
2021-04-25 19:18:33.381189+02:00,31.0,33.0,0,0,0,0
2021-04-25 19:18:33.381189+02:00,32.0,34.0,0,0,1,0
2021-04-25 19:18:33.381189+02:00,33.0,35.0,0,0,1,0
2021-04-25 19:18:33.381189+02:00,30.0,32.0,0,0,0,1
2021-04-25 19:18:33.381189+02:00,29.0,31.0,0,0,0,1
2021-04-25 08:33:20.707612+02:00,21.0,47.0,0,0,0,0
2021-04-25 08:33:20.707612+02:00,22.0,48.0,0,0,0,0
2021-04-25 08:33:20.707612+02:00,23.0,49.0,0,0,0,0
2021-04-25 08:33:20.707612+02:00,20.0,46.0,0,0,1,0
2021-04-25 08:33:20.707612+02:00,19.0,45.0,0,0,1,0
2021-04-26 21:59:06.131966+02:00,27.0,44.0,0,0,0,0
2021-04-26 21:59:06.131966+02:00,28.0,45.0,0,0,1,0
2021-04-26 21:59:06.131966+02:00,29.0,46.0,0,0,1,0
2021-04-26 21:59:06.131966+02:00,26.0,43.0,0,0,0,1
2021-04-26 21:59:06.131966+02:00,25.0,42.0,0,0,0,1
2021-04-26 06:13:46.122620+02:00,21.0,53.0,0,0,0,0
2021-04-26 06:13:46.122620+02:00,22.0,54.0,0,0,0,0
2021-04-26 06:13:46.122620+02:00,23.0,55.0,0,0,0,0
2021-04-26 06:13:46.122620+02:00,20.0,52.0,0,0,1,0
2021-04-26 06:13:46.122620+02:00,19.0,51.0,0,0,1,0
2021-04-27 21:09:34.884317+02:00,29.0,42.0,0,0,0,0
2021-04-27 21:09:34.884317+02:00,30.0,43.0,0,0,1,0
2021-04-27 21:09:34.884317+02:00,31.0,44.0,0,0,1,0
2021-04-27 21:09:34.884317+02:00,28.0,41.0,0,0,0,0
2021-04-27 21:09:34.884317+02:00,27.0,40.0,0,0,0,1
2021-04-27 07:49:18.688506+02:00,19.0,64.0,0,0,0,0
2021-04-27 07:49:18.688506+02:00,20.0,65.0,0,0,0,0
2021-04-27 07:49:18.688506+02:00,21.0,66.0,0,1,0,0
2021-04-27 07:49:18.688506+02:00,18.0,63.0,0,0,1,0
2021-04-27 07:49:18.688506+02:00,17.0,62.0,0,0,1,0
2021-04-28 21:40:02.502906+02:00,29.0,34.0,0,0,0,0
2021-04-28 21:40:02.502906+02:00,30.0,35.0,0,0,1,0
2021-04-28 21:40:02.502906+02:00,31.0,36.0,0,0,1,0
2021-04-28 21:40:02.502906+02:00,28.0,33.0,0,0,0,0
2021-04-28 21:40:02.502906+02:00,27.0,32.0,0,0,0,1
2021-04-28 07:34:47.163189+02:00,19.0,63.0,0,0,0,0
2021-04-28 07:34:47.163189+02:00,20.0,64.0,0,0,0,1
2021-04-28 07:34:47.163189+02:00,21.0,65.0,0,0,0,1
2021-04-28 07:34:47.163189+02:00,18.0,62.0,0,0,1,0
2021-04-28 07:34:47.163189+02:00,17.0,61.0,0,0,1,0
2021-04-29 21:48:15.336250+02:00,26.0,29.0,0,0,0,0
2021-04-29 21:48:15.336250+02:00,27.0,30.0,0,0,1,0
2021-04-29 21:48:15.336250+02:00,28.0,31.0,0,0,1,0
2021-04-29 21:48:15.336250+02:00,25.0,28.0,0,0,0,1
2021-04-29 21:48:15.336250+02:00,24.0,27.0,0,0,0,1
2021-04-29 12:25:20.412991+02:00,17.0,52.0,0,0,0,0
2021-04-29 12:25:20.412991+02:00,18.0,53.0,0,0,0,0
2021-04-29 12:25:20.412991+02:00,19.0,54.0,0,0,0,0
2021-04-29 12:25:20.412991+02:00,16.0,51.0,1,0,1,0
2021-04-29 12:25:20.412991+02:00,15.0,50.0,1,0,1,0
2021-04-30 21:34:06.228542+02:00,31.0,20.0,0,0,0,0
2021-04-30 21:34:06.228542+02:00,32.0,21.0,0,0,1,0
2021-04-30 21:34:06.228542+02:00,33.0,22.0,0,0,1,0
2021-04-30 21:34:06.228542+02:00,30.0,19.0,0,0,0,0
2021-04-30 21:34:06.228542+02:00,29.0,18.0,0,0,0,0
2021-04-30 08:43:27.285179+02:00,18.0,48.0,0,0,0,0
2021-04-30 08:43:27.285179+02:00,19.0,49.0,0,0,0,0
2021-04-30 08:43:27.285179+02:00,20.0,50.0,0,0,0,1
2021-04-30 08:43:27.285179+02:00,17.0,47.0,0,0,1,0
2021-04-30 08:43:27.285179+02:00,16.0,46.0,1,0,1,0
2021-05-01 20:54:31.131682+02:00,32.0,17.0,0,0,0,0
2021-05-01 20:54:31.131682+02:00,33.0,18.0,0,0,1,0
2021-05-01 20:54:31.131682+02:00,34.0,19.0,0,0,1,0
2021-05-01 20:54:31.131682+02:00,31.0,16.0,0,0,0,1
2021-05-01 20:54:31.131682+02:00,30.0,15.0,0,0,0,1
2021-05-01 06:49:16.091386+02:00,17.0,40.0,0,0,0,0
2021-05-01 06:49:16.091386+02:00,18.0,41.0,0,0,0,1
2021-05-01 06:49:16.091386+02:00,19.0,42.0,0,0,0,1
2021-05-01 06:49:16.091386+02:00,16.0,39.0,1,0,1,0
2021-05-01 06:49:16.091386+02:00,15.0,38.0,1,0,1,0
2021-05-02 20:19:55.744776+02:00,35.0,14.0,0,0,0,0
2021-05-02 20:19:55.744776+02:00,36.0,15.0,0,0,1,0
2021-05-02 20:19:55.744776+02:00,37.0,16.0,1,0,1,0
2021-05-02 20:19:55.744776+02:00,34.0,13.0,0,0,0,1
2021-05-02 20:19:55.744776+02:00,33.0,12.0,0,0,0,1
2021-05-02 05:44:40.611401+02:00,18.0,41.0,0,0,0,0
2021-05-02 05:44:40.611401+02:00,19.0,42.0,0,0,0,0
2021-05-02 05:44:40.611401+02:00,20.0,43.0,0,0,0,1
2021-05-02 05:44:40.611401+02:00,17.0,40.0,1,0,1,0
2021-05-02 05:44:40.611401+02:00,16.0,39.0,1,0,1,0
2021-05-03 16:01:59.165487+02:00,27.0,32.0,0,0,0,0
2021-05-03 16:01:59.165487+02:00,28.0,33.0,0,0,1,0
2021-05-03 16:01:59.165487+02:00,29.0,34.0,0,0,1,0
2021-05-03 16:01:59.165487+02:00,26.0,31.0,0,0,0,0
2021-05-03 16:01:59.165487+02:00,25.0,30.0,0,0,0,0
2021-05-03 07:50:08.022873+02:00,18.0,39.0,0,0,0,0
2021-05-03 07:50:08.022873+02:00,19.0,40.0,0,0,0,0
2021-05-03 07:50:08.022873+02:00,20.0,41.0,0,0,0,0
2021-05-03 07:50:08.022873+02:00,17.0,38.0,0,0,1,0
2021-05-03 07:50:08.022873+02:00,16.0,37.0,1,0,1,0
2021-05-04 21:05:45.991982+02:00,35.0,20.0,0,0,0,0
2021-05-04 21:05:45.991982+02:00,36.0,21.0,0,0,1,0
2021-05-04 21:05:45.991982+02:00,37.0,22.0,1,0,1,0
2021-05-04 21:05:45.991982+02:00,34.0,19.0,0,0,0,0
2021-05-04 21:05:45.991982+02:00,33.0,18.0,0,0,0,0
2021-05-04 03:40:28.551443+02:00,19.0,43.0,0,0,0,0
2021-05-04 03:40:28.551443+02:00,20.0,44.0,0,0,0,0
2021-05-04 03:40:28.551443+02:00,21.0,45.0,0,0,0,0
2021-05-04 03:40:28.551443+02:00,18.0,42.0,1,0,1,0
2021-05-04 03:40:28.551443+02:00,17.0,41.0,1,0,1,0
2021-05-05 20:36:11.383427+02:00,34.0,17.0,0,0,0,0
2021-05-05 20:36:11.383427+02:00,35.0,18.0,0,0,1,0
2021-05-05 20:36:11.383427+02:00,36.0,19.0,0,0,1,0
2021-05-05 20:36:11.383427+02:00,33.0,16.0,0,0,0,0
2021-05-05 20:36:11.383427+02:00,32.0,15.0,0,0,0,0
2021-05-05 06:40:56.333070+02:00,20.0,49.0,0,0,0,0
2021-05-05 06:40:56.333070+02:00,21.0,50.0,0,0,0,0
2021-05-05 06:40:56.333070+02:00,22.0,51.0,0,0,0,0
2021-05-05 06:40:56.333070+02:00,19.0,48.0,0,0,1,0
2021-05-05 06:40:56.333070+02:00,18.0,47.0,0,0,1,0
2021-05-06 21:06:36.318493+02:00,34.0,18.0,0,0,0,0
2021-05-06 21:06:36.318493+02:00,35.0,19.0,0,0,1,0
2021-05-06 21:06:36.318493+02:00,36.0,20.0,0,0,1,0
2021-05-06 21:06:36.318493+02:00,33.0,17.0,0,0,0,0
2021-05-06 21:06:36.318493+02:00,32.0,16.0,0,0,0,0
2021-05-06 10:01:25.737144+02:00,20.0,46.0,0,0,0,0
2021-05-06 10:01:25.737144+02:00,21.0,47.0,0,0,0,0
2021-05-06 10:01:25.737144+02:00,22.0,48.0,0,0,0,0
2021-05-06 10:01:25.737144+02:00,19.0,45.0,0,0,1,0
2021-05-06 10:01:25.737144+02:00,18.0,44.0,0,0,1,0
2021-05-07 19:36:59.288361+02:00,34.0,15.0,0,0,0,0
2021-05-07 19:36:59.288361+02:00,35.0,16.0,0,0,1,0
2021-05-07 19:36:59.288361+02:00,36.0,17.0,0,0,1,0
2021-05-07 19:36:59.288361+02:00,33.0,14.0,0,0,0,0
2021-05-07 19:36:59.288361+02:00,32.0,13.0,0,0,0,0
2021-05-07 10:06:49.538414+02:00,20.0,44.0,0,0,0,0
2021-05-07 10:06:49.538414+02:00,21.0,45.0,0,0,0,0
2021-05-07 10:06:49.538414+02:00,22.0,46.0,0,0,0,1
2021-05-07 10:06:49.538414+02:00,19.0,43.0,0,0,1,0
2021-05-07 10:06:49.538414+02:00,18.0,42.0,0,0,1,0
2021-05-08 20:27:25.788822+02:00,35.0,15.0,0,0,0,0
2021-05-08 20:27:25.788822+02:00,36.0,16.0,0,0,1,0
2021-05-08 20:27:25.788822+02:00,37.0,17.0,1,0,1,0
2021-05-08 20:27:25.788822+02:00,34.0,14.0,0,0,0,1
2021-05-08 20:27:25.788822+02:00,33.0,13.0,0,0,0,1
2021-05-08 07:57:12.869080+02:00,22.0,33.0,0,0,0,0
2021-05-08 07:57:12.869080+02:00,23.0,34.0,0,0,0,0
2021-05-08 07:57:12.869080+02:00,24.0,35.0,0,0,0,0
2021-05-08 07:57:12.869080+02:00,21.0,32.0,0,0,1,0
2021-05-08 07:57:12.869080+02:00,20.0,31.0,0,0,1,0
2021-05-09 21:02:52.468691+02:00,33.0,31.0,0,0,0,0
2021-05-09 21:02:52.468691+02:00,34.0,32.0,0,0,1,0
2021-05-09 21:02:52.468691+02:00,35.0,33.0,0,0,1,0
2021-05-09 21:02:52.468691+02:00,32.0,30.0,0,0,0,0
2021-05-09 21:02:52.468691+02:00,31.0,29.0,0,0,0,0
2021-05-09 17:12:48.197314+02:00,21.0,47.0,0,0,0,0
2021-05-09 17:12:48.197314+02:00,22.0,48.0,0,0,0,0
2021-05-09 17:12:48.197314+02:00,23.0,49.0,0,0,0,1
2021-05-09 17:12:48.197314+02:00,20.0,46.0,0,0,1,0
2021-05-09 17:12:48.197314+02:00,19.0,45.0,1,0,1,0
2021-05-10 11:34:47.545228+02:00,29.0,33.0,0,0,0,0
2021-05-10 11:34:47.545228+02:00,30.0,34.0,0,0,1,0
2021-05-10 11:34:47.545228+02:00,31.0,35.0,0,0,1,0
2021-05-10 11:34:47.545228+02:00,28.0,32.0,0,0,0,0
2021-05-10 11:34:47.545228+02:00,27.0,31.0,0,0,0,0
2021-05-10 20:18:15.904621+02:00,20.0,41.0,0,0,0,0
2021-05-10 20:18:15.904621+02:00,21.0,42.0,0,0,0,0
2021-05-10 20:18:15.904621+02:00,22.0,43.0,0,0,0,0
2021-05-10 20:18:15.904621+02:00,19.0,40.0,1,0,1,0
2021-05-10 20:18:15.904621+02:00,18.0,39.0,1,0,1,0
2021-05-11 22:23:43.508666+02:00,33.0,16.0,0,0,0,0
2021-05-11 22:23:43.508666+02:00,34.0,17.0,0,0,1,0
2021-05-11 22:23:43.508666+02:00,35.0,18.0,0,0,1,0
2021-05-11 22:23:43.508666+02:00,32.0,15.0,0,0,0,1
2021-05-11 22:23:43.508666+02:00,31.0,14.0,0,0,0,1
2021-05-11 06:43:26.728413+02:00,18.0,44.0,0,0,0,0
2021-05-11 06:43:26.728413+02:00,19.0,45.0,0,0,0,0
2021-05-11 06:43:26.728413+02:00,20.0,46.0,0,0,0,1
2021-05-11 06:43:26.728413+02:00,17.0,43.0,0,0,1,0
2021-05-11 06:43:26.728413+02:00,16.0,42.0,1,0,1,0
2021-05-12 20:59:08.028037+02:00,34.0,26.0,0,0,0,0
2021-05-12 20:59:08.028037+02:00,35.0,27.0,0,0,1,0
2021-05-12 20:59:08.028037+02:00,36.0,28.0,0,0,1,0
2021-05-12 20:59:08.028037+02:00,33.0,25.0,0,0,0,1
2021-05-12 20:59:08.028037+02:00,32.0,24.0,0,0,0,1
2021-05-12 10:28:56.348749+02:00,19.0,40.0,0,0,0,0
2021-05-12 10:28:56.348749+02:00,20.0,41.0,0,0,0,0
2021-05-12 10:28:56.348749+02:00,21.0,42.0,0,0,0,0
2021-05-12 10:28:56.348749+02:00,18.0,39.0,0,0,1,0
2021-05-12 10:28:56.348749+02:00,17.0,38.0,0,0,1,0
2021-05-13 21:24:34.229798+02:00,34.0,24.0,0,0,0,0
2021-05-13 21:24:34.229798+02:00,35.0,25.0,0,0,1,0
2021-05-13 21:24:34.229798+02:00,36.0,26.0,0,0,1,0
2021-05-13 21:24:34.229798+02:00,33.0,23.0,0,0,0,1
2021-05-13 21:24:34.229798+02:00,32.0,22.0,0,0,0,1
2021-05-13 07:59:19.957083+02:00,20.0,45.0,0,0,0,0
2021-05-13 07:59:19.957083+02:00,21.0,46.0,0,0,0,1
2021-05-13 07:59:19.957083+02:00,22.0,47.0,0,0,0,1
2021-05-13 07:59:19.957083+02:00,19.0,44.0,0,0,1,0
2021-05-13 07:59:19.957083+02:00,18.0,43.0,0,0,1,0
2021-05-14 21:15:14.395253+02:00,35.0,17.0,0,0,0,0
2021-05-14 21:15:14.395253+02:00,36.0,18.0,0,0,1,0
2021-05-14 21:15:14.395253+02:00,37.0,19.0,1,0,1,0
2021-05-14 21:15:14.395253+02:00,34.0,16.0,0,0,0,0
2021-05-14 21:15:14.395253+02:00,33.0,15.0,0,0,0,1
2021-05-14 08:59:45.998310+02:00,20.0,45.0,0,0,0,0
2021-05-14 08:59:45.998310+02:00,21.0,46.0,0,0,0,1
2021-05-14 08:59:45.998310+02:00,22.0,47.0,0,0,0,1
2021-05-14 08:59:45.998310+02:00,19.0,44.0,0,0,1,0
2021-05-14 08:59:45.998310+02:00,18.0,43.0,0,0,1,0
2021-05-15 19:55:38.713310+02:00,36.0,16.0,0,0,0,0
2021-05-15 19:55:38.713310+02:00,37.0,17.0,1,0,1,0
2021-05-15 19:55:38.713310+02:00,38.0,18.0,1,0,1,0
2021-05-15 19:55:38.713310+02:00,35.0,15.0,0,0,0,0
2021-05-15 19:55:38.713310+02:00,34.0,14.0,0,0,0,0
2021-05-15 05:45:23.737285+02:00,22.0,37.0,0,0,0,0
2021-05-15 05:45:23.737285+02:00,23.0,38.0,0,0,0,0
2021-05-15 05:45:23.737285+02:00,24.0,39.0,0,0,0,0
2021-05-15 05:45:23.737285+02:00,21.0,36.0,0,0,1,0
2021-05-15 05:45:23.737285+02:00,20.0,35.0,0,0,1,0
2021-05-16 19:21:03.345359+02:00,35.0,18.0,0,0,0,0
2021-05-16 19:21:03.345359+02:00,36.0,19.0,0,0,1,0
2021-05-16 19:21:03.345359+02:00,37.0,20.0,1,0,1,0
2021-05-16 19:21:03.345359+02:00,34.0,17.0,0,0,0,0
2021-05-16 19:21:03.345359+02:00,33.0,16.0,0,0,0,0
2021-05-16 05:45:48.965072+02:00,23.0,42.0,0,0,0,0
2021-05-16 05:45:48.965072+02:00,24.0,43.0,0,0,0,1
2021-05-16 05:45:48.965072+02:00,25.0,44.0,0,0,0,1
2021-05-16 05:45:48.965072+02:00,22.0,41.0,0,0,1,0
2021-05-16 05:45:48.965072+02:00,21.0,40.0,0,0,1,0
2021-05-17 22:06:32.396312+02:00,36.0,14.0,0,0,0,0
2021-05-17 22:06:32.396312+02:00,37.0,15.0,1,0,1,0
2021-05-17 22:06:32.396312+02:00,38.0,16.0,1,0,1,0
2021-05-17 22:06:32.396312+02:00,35.0,13.0,0,0,0,1
2021-05-17 22:06:32.396312+02:00,34.0,12.0,0,0,0,1
2021-05-17 06:21:15.400363+02:00,23.0,45.0,0,0,0,0
2021-05-17 06:21:15.400363+02:00,24.0,46.0,0,0,0,0
2021-05-17 06:21:15.400363+02:00,25.0,47.0,0,0,0,0
2021-05-17 06:21:15.400363+02:00,22.0,44.0,0,0,1,0
2021-05-17 06:21:15.400363+02:00,21.0,43.0,0,0,1,0
2021-05-18 20:26:56.503407+02:00,36.0,15.0,0,0,0,0
2021-05-18 20:26:56.503407+02:00,37.0,16.0,1,0,1,0
2021-05-18 20:26:56.503407+02:00,38.0,17.0,1,0,1,0
2021-05-18 20:26:56.503407+02:00,35.0,14.0,0,0,0,0
2021-05-18 20:26:56.503407+02:00,34.0,13.0,0,0,0,1
2021-05-18 09:41:44.846712+02:00,21.0,35.0,0,0,0,0
2021-05-18 09:41:44.846712+02:00,22.0,36.0,0,0,0,0
2021-05-18 09:41:44.846712+02:00,23.0,37.0,0,0,0,0
2021-05-18 09:41:44.846712+02:00,20.0,34.0,0,0,1,0
2021-05-18 09:41:44.846712+02:00,19.0,33.0,0,0,1,0
2021-05-19 21:52:23.691810+02:00,36.0,7.0,0,0,0,0
2021-05-19 21:52:23.691810+02:00,37.0,8.0,1,0,1,0
2021-05-19 21:52:23.691810+02:00,38.0,9.0,1,0,1,0
2021-05-19 21:52:23.691810+02:00,35.0,6.0,0,0,0,0
2021-05-19 21:52:23.691810+02:00,34.0,5.0,0,1,0,0
2021-05-19 10:02:10.445150+02:00,22.0,47.0,0,0,0,0
2021-05-19 10:02:10.445150+02:00,23.0,48.0,0,0,0,0
2021-05-19 10:02:10.445150+02:00,24.0,49.0,0,0,0,0
2021-05-19 10:02:10.445150+02:00,21.0,46.0,0,0,1,0
2021-05-19 10:02:10.445150+02:00,20.0,45.0,0,0,1,0
2021-05-20 20:50:05.899238+02:00,36.0,14.0,0,0,0,0
2021-05-20 20:50:05.899238+02:00,37.0,15.0,1,0,1,0
2021-05-20 20:50:05.899238+02:00,38.0,16.0,1,0,1,0
2021-05-20 20:50:05.899238+02:00,35.0,13.0,0,0,0,0
2021-05-20 20:50:05.899238+02:00,34.0,12.0,0,0,0,0
2021-05-20 11:27:26.090641+02:00,23.0,46.0,0,0,0,0
2021-05-20 11:27:26.090641+02:00,24.0,47.0,0,0,0,0
2021-05-20 11:27:26.090641+02:00,25.0,48.0,0,0,0,0
2021-05-20 11:27:26.090641+02:00,22.0,45.0,0,0,1,0
2021-05-20 11:27:26.090641+02:00,21.0,44.0,0,0,1,0
2021-05-21 19:35:30.379022+02:00,34.0,17.0,0,0,0,0
2021-05-21 19:35:30.379022+02:00,35.0,18.0,0,0,1,0
2021-05-21 19:35:30.379022+02:00,36.0,19.0,0,0,1,0
2021-05-21 19:35:30.379022+02:00,33.0,16.0,0,0,0,0
2021-05-21 19:35:30.379022+02:00,32.0,15.0,0,0,0,1
2021-05-21 05:50:15.848688+02:00,23.0,44.0,0,0,0,0
2021-05-21 05:50:15.848688+02:00,24.0,45.0,0,0,0,0
2021-05-21 05:50:15.848688+02:00,25.0,46.0,0,0,0,0
2021-05-21 05:50:15.848688+02:00,22.0,43.0,0,0,1,0
2021-05-21 05:50:15.848688+02:00,21.0,42.0,0,0,1,0
2021-05-22 18:30:55.240113+02:00,34.0,15.0,0,0,0,0
2021-05-22 18:30:55.240113+02:00,35.0,16.0,1,0,1,0
2021-05-22 18:30:55.240113+02:00,36.0,17.0,1,0,1,0
2021-05-22 18:30:55.240113+02:00,33.0,14.0,0,0,0,0
2021-05-22 18:30:55.240113+02:00,32.0,13.0,0,0,0,0
2021-05-22 08:40:44.452257+02:00,22.0,41.0,0,0,0,0
2021-05-22 08:40:44.452257+02:00,23.0,42.0,0,0,0,1
2021-05-22 08:40:44.452257+02:00,24.0,43.0,0,0,0,1
2021-05-22 08:40:44.452257+02:00,21.0,40.0,0,0,1,0
2021-05-22 08:40:44.452257+02:00,20.0,39.0,0,0,1,0
2021-05-23 19:01:21.148497+02:00,34.0,14.0,0,0,0,0
2021-05-23 19:01:21.148497+02:00,35.0,15.0,0,0,1,0
2021-05-23 19:01:21.148497+02:00,36.0,16.0,0,0,1,0
2021-05-23 19:01:21.148497+02:00,33.0,13.0,0,0,0,0
2021-05-23 19:01:21.148497+02:00,32.0,12.0,0,0,0,0
2021-05-23 05:46:06.799761+02:00,22.0,24.0,0,0,0,0
2021-05-23 05:46:06.799761+02:00,23.0,25.0,0,0,0,0
2021-05-23 05:46:06.799761+02:00,24.0,26.0,0,0,0,0
2021-05-23 05:46:06.799761+02:00,21.0,23.0,0,0,1,0
2021-05-23 05:46:06.799761+02:00,20.0,22.0,0,0,1,0
2021-05-24 21:56:47.423873+02:00,35.0,15.0,0,0,0,0
2021-05-24 21:56:47.423873+02:00,36.0,16.0,0,0,1,0
2021-05-24 21:56:47.423873+02:00,37.0,17.0,1,0,1,0
2021-05-24 21:56:47.423873+02:00,34.0,14.0,0,0,0,0
2021-05-24 21:56:47.423873+02:00,33.0,13.0,0,0,0,1
2021-05-24 05:41:32.617204+02:00,21.0,23.0,0,0,0,0
2021-05-24 05:41:32.617204+02:00,22.0,24.0,0,0,0,0
2021-05-24 05:41:32.617204+02:00,23.0,25.0,0,0,0,0
2021-05-24 05:41:32.617204+02:00,20.0,22.0,0,0,1,0
2021-05-24 05:41:32.617204+02:00,19.0,21.0,0,0,1,0
2021-05-25 19:52:11.309540+02:00,34.0,14.0,0,0,0,0
2021-05-25 19:52:11.309540+02:00,35.0,15.0,0,0,1,0
2021-05-25 19:52:11.309540+02:00,36.0,16.0,0,0,1,0
2021-05-25 19:52:11.309540+02:00,33.0,13.0,0,0,0,0
2021-05-25 19:52:11.309540+02:00,32.0,12.0,0,0,0,0
2021-05-25 07:26:58.348133+02:00,22.0,36.0,0,0,0,0
2021-05-25 07:26:58.348133+02:00,23.0,37.0,0,0,0,0
2021-05-25 07:26:58.348133+02:00,24.0,38.0,0,0,0,0
2021-05-25 07:26:58.348133+02:00,21.0,35.0,0,0,1,0
2021-05-25 07:26:58.348133+02:00,20.0,34.0,0,0,1,0
2021-05-26 19:42:37.216147+02:00,34.0,16.0,0,0,0,0
2021-05-26 19:42:37.216147+02:00,35.0,17.0,0,0,1,0
2021-05-26 19:42:37.216147+02:00,36.0,18.0,0,0,1,0
2021-05-26 19:42:37.216147+02:00,33.0,15.0,0,0,0,0
2021-05-26 19:42:37.216147+02:00,32.0,14.0,0,0,0,1
2021-05-26 06:37:22.814081+02:00,22.0,27.0,0,0,0,0
2021-05-26 06:37:22.814081+02:00,23.0,28.0,0,0,0,0
2021-05-26 06:37:22.814081+02:00,24.0,29.0,0,0,0,0
2021-05-26 06:37:22.814081+02:00,21.0,26.0,0,0,1,0
2021-05-26 06:37:22.814081+02:00,20.0,25.0,0,0,1,0
2021-05-27 00:02:46.299485+02:00,28.0,32.0,0,0,0,0
2021-05-27 00:02:46.299485+02:00,29.0,33.0,0,0,1,0
2021-05-27 00:02:46.299485+02:00,30.0,34.0,0,0,1,0
2021-05-27 00:02:46.299485+02:00,27.0,31.0,0,0,0,0
2021-05-27 00:02:46.299485+02:00,26.0,30.0,0,0,0,1
2021-05-27 21:23:04.301011+02:00,22.0,60.0,0,0,0,0
2021-05-27 21:23:04.301011+02:00,23.0,61.0,0,0,0,1
2021-05-27 21:23:04.301011+02:00,24.0,62.0,0,0,0,1
2021-05-27 21:23:04.301011+02:00,21.0,59.0,1,0,1,0
2021-05-27 21:23:04.301011+02:00,20.0,58.0,1,0,1,0
2021-05-28 19:53:28.002317+02:00,34.0,30.0,0,0,0,0
2021-05-28 19:53:28.002317+02:00,35.0,31.0,0,0,1,0
2021-05-28 19:53:28.002317+02:00,36.0,32.0,0,0,1,0
2021-05-28 19:53:28.002317+02:00,33.0,29.0,0,0,0,0
2021-05-28 19:53:28.002317+02:00,32.0,28.0,0,0,0,0
2021-05-28 00:23:07.259450+02:00,22.0,54.0,0,0,0,0
2021-05-28 00:23:07.259450+02:00,23.0,55.0,0,0,0,0
2021-05-28 00:23:07.259450+02:00,24.0,56.0,0,0,0,0
2021-05-28 00:23:07.259450+02:00,21.0,53.0,0,0,1,0
2021-05-28 00:23:07.259450+02:00,20.0,52.0,0,0,1,0
2021-05-29 19:23:53.171864+02:00,36.0,24.0,0,0,0,0
2021-05-29 19:23:53.171864+02:00,37.0,25.0,1,0,1,0
2021-05-29 19:23:53.171864+02:00,38.0,26.0,1,0,1,0
2021-05-29 19:23:53.171864+02:00,35.0,23.0,0,0,0,0
2021-05-29 19:23:53.171864+02:00,34.0,22.0,0,0,0,0
2021-05-29 07:33:40.592542+02:00,22.0,50.0,0,0,0,0
2021-05-29 07:33:40.592542+02:00,23.0,51.0,0,0,0,1
2021-05-29 07:33:40.592542+02:00,24.0,52.0,0,0,0,1
2021-05-29 07:33:40.592542+02:00,21.0,49.0,0,0,1,0
2021-05-29 07:33:40.592542+02:00,20.0,48.0,0,0,1,0
2021-05-30 21:29:21.104331+02:00,35.0,27.0,0,0,0,0
2021-05-30 21:29:21.104331+02:00,36.0,28.0,0,0,1,0
2021-05-30 21:29:21.104331+02:00,37.0,29.0,1,0,1,0
2021-05-30 21:29:21.104331+02:00,34.0,26.0,0,0,0,0
2021-05-30 21:29:21.104331+02:00,33.0,25.0,0,0,0,1
2021-05-30 10:14:09.091350+02:00,23.0,48.0,0,0,0,0
2021-05-30 10:14:09.091350+02:00,24.0,49.0,0,0,0,1
2021-05-30 10:14:09.091350+02:00,25.0,50.0,0,0,0,1
2021-05-30 10:14:09.091350+02:00,22.0,47.0,0,0,1,0
2021-05-30 10:14:09.091350+02:00,21.0,46.0,0,0,1,0
2021-05-31 20:04:44.675523+02:00,30.0,41.0,0,0,0,0
2021-05-31 20:04:44.675523+02:00,31.0,42.0,0,0,1,0
2021-05-31 20:04:44.675523+02:00,32.0,43.0,0,0,1,0
2021-05-31 20:04:44.675523+02:00,29.0,40.0,0,0,0,0
2021-05-31 20:04:44.675523+02:00,28.0,39.0,0,0,0,0
2021-05-31 11:19:36.289964+02:00,22.0,53.0,0,0,0,0
2021-05-31 11:19:36.289964+02:00,23.0,54.0,0,0,0,0
2021-05-31 11:19:36.289964+02:00,24.0,55.0,0,0,0,0
2021-05-31 11:19:36.289964+02:00,21.0,52.0,0,0,1,0
2021-05-31 11:19:36.289964+02:00,20.0,51.0,0,0,1,0
2021-06-01 20:50:11.305593+02:00,31.0,27.0,0,0,0,0
2021-06-01 20:50:11.305593+02:00,32.0,28.0,0,0,1,0
2021-06-01 20:50:11.305593+02:00,33.0,29.0,0,0,1,0
2021-06-01 20:50:11.305593+02:00,30.0,26.0,0,0,0,0
2021-06-01 20:50:11.305593+02:00,29.0,25.0,0,0,0,1
2021-06-01 09:29:58.974346+02:00,21.0,49.0,0,0,0,0
2021-06-01 09:29:58.974346+02:00,22.0,50.0,0,0,0,0
2021-06-01 09:29:58.974346+02:00,23.0,51.0,0,0,0,0
2021-06-01 09:29:58.974346+02:00,20.0,48.0,0,0,1,0
2021-06-01 09:29:58.974346+02:00,19.0,47.0,0,0,1,0
2021-06-02 22:50:39.165653+02:00,34.0,25.0,0,0,0,0
2021-06-02 22:50:39.165653+02:00,35.0,26.0,0,0,1,0
2021-06-02 22:50:39.165653+02:00,36.0,27.0,0,0,1,0
2021-06-02 22:50:39.165653+02:00,33.0,24.0,0,0,0,1
2021-06-02 22:50:39.165653+02:00,32.0,23.0,0,0,0,1
2021-06-02 09:00:24.055246+02:00,21.0,47.0,0,0,0,0
2021-06-02 09:00:24.055246+02:00,22.0,48.0,0,0,0,1
2021-06-02 09:00:24.055246+02:00,23.0,49.0,0,0,0,1
2021-06-02 09:00:24.055246+02:00,20.0,46.0,0,0,1,0
2021-06-02 09:00:24.055246+02:00,19.0,45.0,0,0,1,0
2021-06-03 22:11:03.895676+02:00,35.0,27.0,0,0,0,0
2021-06-03 22:11:03.895676+02:00,36.0,28.0,0,0,1,0
2021-06-03 22:11:03.895676+02:00,37.0,29.0,1,0,1,0
2021-06-03 22:11:03.895676+02:00,34.0,26.0,0,0,0,1
2021-06-03 22:11:03.895676+02:00,33.0,25.0,0,0,0,1
2021-06-03 09:35:50.306800+02:00,21.0,48.0,0,0,0,0
2021-06-03 09:35:50.306800+02:00,22.0,49.0,0,0,0,1
2021-06-03 09:35:50.306800+02:00,23.0,50.0,0,0,0,1
2021-06-03 09:35:50.306800+02:00,20.0,47.0,0,0,1,0
2021-06-03 09:35:50.306800+02:00,19.0,46.0,0,0,1,0
2021-06-04 22:26:29.615934+02:00,34.0,31.0,0,0,0,0
2021-06-04 22:26:29.615934+02:00,35.0,32.0,0,0,1,0
2021-06-04 22:26:29.615934+02:00,36.0,33.0,0,0,1,0
2021-06-04 22:26:29.615934+02:00,33.0,30.0,0,0,0,1
2021-06-04 22:26:29.615934+02:00,32.0,29.0,0,0,0,1
2021-06-04 06:31:13.145818+02:00,22.0,49.0,0,0,0,0
2021-06-04 06:31:13.145818+02:00,23.0,50.0,0,0,0,0
2021-06-04 06:31:13.145818+02:00,24.0,51.0,0,0,0,1
2021-06-04 06:31:13.145818+02:00,21.0,48.0,0,0,1,0
2021-06-04 06:31:13.145818+02:00,20.0,47.0,0,0,1,0
2021-06-05 18:21:51.706113+02:00,34.0,34.0,0,0,0,0
2021-06-05 18:21:51.706113+02:00,35.0,35.0,1,0,1,0
2021-06-05 18:21:51.706113+02:00,36.0,36.0,1,0,1,0
2021-06-05 18:21:51.706113+02:00,33.0,33.0,0,0,0,0
2021-06-05 18:21:51.706113+02:00,32.0,32.0,0,0,0,1
2021-06-05 03:41:35.534239+02:00,23.0,51.0,0,0,0,0
2021-06-05 03:41:35.534239+02:00,24.0,52.0,0,0,0,0
2021-06-05 03:41:35.534239+02:00,25.0,53.0,0,0,0,0
2021-06-05 03:41:35.534239+02:00,22.0,50.0,0,0,1,0
2021-06-05 03:41:35.534239+02:00,21.0,49.0,0,0,1,0
2021-06-06 19:37:19.229104+02:00,36.0,18.0,0,0,0,0
2021-06-06 19:37:19.229104+02:00,37.0,19.0,1,0,1,0
2021-06-06 19:37:19.229104+02:00,38.0,20.0,1,0,1,0
2021-06-06 19:37:19.229104+02:00,35.0,17.0,0,0,0,0
2021-06-06 19:37:19.229104+02:00,34.0,16.0,0,0,0,0
2021-06-06 09:22:08.074232+02:00,22.0,55.0,0,0,0,0
2021-06-06 09:22:08.074232+02:00,23.0,56.0,0,0,0,1
2021-06-06 09:22:08.074232+02:00,24.0,57.0,0,0,0,1
2021-06-06 09:22:08.074232+02:00,21.0,54.0,0,0,1,0
2021-06-06 09:22:08.074232+02:00,20.0,53.0,0,0,1,0
2021-06-07 19:52:47.114395+02:00,36.0,15.0,0,0,0,0
2021-06-07 19:52:47.114395+02:00,37.0,16.0,1,0,1,0
2021-06-07 19:52:47.114395+02:00,38.0,17.0,1,0,1,0
2021-06-07 19:52:47.114395+02:00,35.0,14.0,0,0,0,0
2021-06-07 19:52:47.114395+02:00,34.0,13.0,0,0,0,0
2021-06-07 07:17:32.116800+02:00,24.0,42.0,0,0,0,0
2021-06-07 07:17:32.116800+02:00,25.0,43.0,0,0,0,0
2021-06-07 07:17:32.116800+02:00,26.0,44.0,0,0,0,0
2021-06-07 07:17:32.116800+02:00,23.0,41.0,0,0,1,0
2021-06-07 07:17:32.116800+02:00,22.0,40.0,0,0,1,0
2021-06-08 19:33:12.586590+02:00,36.0,13.0,0,0,0,0
2021-06-08 19:33:12.586590+02:00,37.0,14.0,1,0,1,0
2021-06-08 19:33:12.586590+02:00,38.0,15.0,1,0,1,0
2021-06-08 19:33:12.586590+02:00,35.0,12.0,0,0,0,0
2021-06-08 19:33:12.586590+02:00,34.0,11.0,0,1,0,1
2021-06-08 11:28:03.887919+02:00,23.0,43.0,0,0,0,0
2021-06-08 11:28:03.887919+02:00,24.0,44.0,0,0,0,1
2021-06-08 11:28:03.887919+02:00,25.0,45.0,0,0,0,1
2021-06-08 11:28:03.887919+02:00,22.0,42.0,0,0,1,0
2021-06-08 11:28:03.887919+02:00,21.0,41.0,0,0,1,0
2021-06-09 20:28:38.874315+02:00,36.0,14.0,0,0,0,0
2021-06-09 20:28:38.874315+02:00,37.0,15.0,1,0,1,0
2021-06-09 20:28:38.874315+02:00,38.0,16.0,1,0,1,0
2021-06-09 20:28:38.874315+02:00,35.0,13.0,0,0,0,0
2021-06-09 20:28:38.874315+02:00,34.0,12.0,0,0,0,1
2021-06-09 07:28:25.963756+02:00,24.0,36.0,0,0,0,0
2021-06-09 07:28:25.963756+02:00,25.0,37.0,0,0,0,0
2021-06-09 07:28:25.963756+02:00,26.0,38.0,0,0,0,0
2021-06-09 07:28:25.963756+02:00,23.0,35.0,0,0,1,0
2021-06-09 07:28:25.963756+02:00,22.0,34.0,0,0,1,0
2021-06-10 18:34:03.404304+02:00,34.0,19.0,0,0,0,0
2021-06-10 18:34:03.404304+02:00,35.0,20.0,1,0,1,0
2021-06-10 18:34:03.404304+02:00,36.0,21.0,1,0,1,0
2021-06-10 18:34:03.404304+02:00,33.0,18.0,0,0,0,0
2021-06-10 18:34:03.404304+02:00,32.0,17.0,0,0,0,0
2021-06-10 09:18:53.014173+02:00,23.0,43.0,0,0,0,0
2021-06-10 09:18:53.014173+02:00,24.0,44.0,0,0,0,1
2021-06-10 09:18:53.014173+02:00,25.0,45.0,0,0,0,1
2021-06-10 09:18:53.014173+02:00,22.0,42.0,0,0,1,0
2021-06-10 09:18:53.014173+02:00,21.0,41.0,0,0,1,0
2021-06-11 23:04:34.295498+02:00,35.0,27.0,0,0,0,0
2021-06-11 23:04:34.295498+02:00,36.0,28.0,0,0,1,0
2021-06-11 23:04:34.295498+02:00,37.0,29.0,1,0,1,0
2021-06-11 23:04:34.295498+02:00,34.0,26.0,0,0,0,0
2021-06-11 23:04:34.295498+02:00,33.0,25.0,0,0,0,0
2021-06-11 07:09:17.436422+02:00,24.0,38.0,0,0,0,0
2021-06-11 07:09:17.436422+02:00,25.0,39.0,0,0,0,0
2021-06-11 07:09:17.436422+02:00,26.0,40.0,0,0,0,0
2021-06-11 07:09:17.436422+02:00,23.0,37.0,0,0,1,0
2021-06-11 07:09:17.436422+02:00,22.0,36.0,0,0,1,0
2021-06-12 19:34:56.786708+02:00,36.0,27.0,0,0,0,0
2021-06-12 19:34:56.786708+02:00,37.0,28.0,1,0,1,0
2021-06-12 19:34:56.786708+02:00,38.0,29.0,1,0,1,0
2021-06-12 19:34:56.786708+02:00,35.0,26.0,0,0,0,0
2021-06-12 19:34:56.786708+02:00,34.0,25.0,0,0,0,0
2021-06-12 06:44:42.184398+02:00,24.0,49.0,0,0,0,0
2021-06-12 06:44:42.184398+02:00,25.0,50.0,0,0,0,0
2021-06-12 06:44:42.184398+02:00,26.0,51.0,0,0,0,0
2021-06-12 06:44:42.184398+02:00,23.0,48.0,0,0,1,0
2021-06-12 06:44:42.184398+02:00,22.0,47.0,0,0,1,0
2021-06-13 19:30:22.376164+02:00,36.0,25.0,0,0,0,0
2021-06-13 19:30:22.376164+02:00,37.0,26.0,1,0,1,0
2021-06-13 19:30:22.376164+02:00,38.0,27.0,1,0,1,0
2021-06-13 19:30:22.376164+02:00,35.0,24.0,0,0,0,0
2021-06-13 19:30:22.376164+02:00,34.0,23.0,0,0,0,1
2021-06-13 05:45:07.214599+02:00,25.0,45.0,0,0,0,0
2021-06-13 05:45:07.214599+02:00,26.0,46.0,0,0,0,0
2021-06-13 05:45:07.214599+02:00,27.0,47.0,0,0,0,0
2021-06-13 05:45:07.214599+02:00,24.0,44.0,0,0,1,0
2021-06-13 05:45:07.214599+02:00,23.0,43.0,0,0,1,0
2021-06-14 19:20:47.925788+02:00,34.0,30.0,0,0,0,0
2021-06-14 19:20:47.925788+02:00,35.0,31.0,0,0,1,0
2021-06-14 19:20:47.925788+02:00,36.0,32.0,0,0,1,0
2021-06-14 19:20:47.925788+02:00,33.0,29.0,0,0,0,0
2021-06-14 19:20:47.925788+02:00,32.0,28.0,0,0,0,0
2021-06-14 10:10:38.056962+02:00,24.0,44.0,0,0,0,0
2021-06-14 10:10:38.056962+02:00,25.0,45.0,0,0,0,0
2021-06-14 10:10:38.056962+02:00,26.0,46.0,0,0,0,0
2021-06-14 10:10:38.056962+02:00,23.0,43.0,0,0,1,0
2021-06-14 10:10:38.056962+02:00,22.0,42.0,0,0,1,0
2021-06-15 21:51:16.584856+02:00,33.0,35.0,0,0,0,0
2021-06-15 21:51:16.584856+02:00,34.0,36.0,0,0,1,0
2021-06-15 21:51:16.584856+02:00,35.0,37.0,0,0,1,0
2021-06-15 21:51:16.584856+02:00,32.0,34.0,0,0,0,0
2021-06-15 21:51:16.584856+02:00,31.0,33.0,0,0,0,1
2021-06-15 10:56:04.901455+02:00,23.0,61.0,0,0,0,0
2021-06-15 10:56:04.901455+02:00,24.0,62.0,0,0,0,0
2021-06-15 10:56:04.901455+02:00,25.0,63.0,0,0,0,0
2021-06-15 10:56:04.901455+02:00,22.0,60.0,0,0,1,0
2021-06-15 10:56:04.901455+02:00,21.0,59.0,0,0,1,0
2021-06-16 22:46:43.425281+02:00,32.0,33.0,0,0,0,0
2021-06-16 22:46:43.425281+02:00,33.0,34.0,0,0,1,0
2021-06-16 22:46:43.425281+02:00,34.0,35.0,0,0,1,0
2021-06-16 22:46:43.425281+02:00,31.0,32.0,0,0,0,0
2021-06-16 22:46:43.425281+02:00,30.0,31.0,0,0,0,1
2021-06-16 10:06:29.745968+02:00,22.0,59.0,0,0,0,0
2021-06-16 10:06:29.745968+02:00,23.0,60.0,0,0,0,0
2021-06-16 10:06:29.745968+02:00,24.0,61.0,0,0,0,0
2021-06-16 10:06:29.745968+02:00,21.0,58.0,0,0,1,0
2021-06-16 10:06:29.745968+02:00,20.0,57.0,0,0,1,0
2021-06-17 21:42:07.735470+02:00,30.0,40.0,0,0,0,0
2021-06-17 21:42:07.735470+02:00,31.0,41.0,0,0,1,0
2021-06-17 21:42:07.735470+02:00,32.0,42.0,0,0,1,0
2021-06-17 21:42:07.735470+02:00,29.0,39.0,0,0,0,0
2021-06-17 21:42:07.735470+02:00,28.0,38.0,0,0,0,0
2021-06-17 02:01:46.675674+02:00,23.0,49.0,0,0,0,0
2021-06-17 02:01:46.675674+02:00,24.0,50.0,0,0,0,0
2021-06-17 02:01:46.675674+02:00,25.0,51.0,0,0,0,0
2021-06-17 02:01:46.675674+02:00,22.0,48.0,0,0,1,0
2021-06-17 02:01:46.675674+02:00,21.0,47.0,0,0,1,0
2021-06-18 19:37:37.571181+02:00,29.0,35.0,0,0,0,0
2021-06-18 19:37:37.571181+02:00,30.0,36.0,0,0,1,0
2021-06-18 19:37:37.571181+02:00,31.0,37.0,0,0,1,0
2021-06-18 19:37:37.571181+02:00,28.0,34.0,0,0,0,1
2021-06-18 19:37:37.571181+02:00,27.0,33.0,0,0,0,1
2021-06-18 09:37:20.005389+02:00,21.0,63.0,0,0,0,0
2021-06-18 09:37:20.005389+02:00,22.0,64.0,0,0,0,1
2021-06-18 09:37:20.005389+02:00,23.0,65.0,0,0,0,1
2021-06-18 09:37:20.005389+02:00,20.0,62.0,0,0,1,0
2021-06-18 09:37:20.005389+02:00,19.0,61.0,0,0,1,0
2021-06-19 19:08:02.870719+02:00,34.0,29.0,0,0,0,0
2021-06-19 19:08:02.870719+02:00,35.0,30.0,0,0,1,0
2021-06-19 19:08:02.870719+02:00,36.0,31.0,0,0,1,0
2021-06-19 19:08:02.870719+02:00,33.0,28.0,0,0,0,0
2021-06-19 19:08:02.870719+02:00,32.0,27.0,0,0,0,0
2021-06-19 08:57:51.606435+02:00,20.0,54.0,0,0,0,0
2021-06-19 08:57:51.606435+02:00,21.0,55.0,0,0,0,1
2021-06-19 08:57:51.606435+02:00,22.0,56.0,0,0,0,1
2021-06-19 08:57:51.606435+02:00,19.0,53.0,0,0,1,0
2021-06-19 08:57:51.606435+02:00,18.0,52.0,0,0,1,0
2021-06-20 21:08:31.009546+02:00,31.0,36.0,0,0,0,0
2021-06-20 21:08:31.009546+02:00,32.0,37.0,0,0,1,0
2021-06-20 21:08:31.009546+02:00,33.0,38.0,0,0,1,0
2021-06-20 21:08:31.009546+02:00,30.0,35.0,0,0,0,0
2021-06-20 21:08:31.009546+02:00,29.0,34.0,0,0,0,0
2021-06-20 09:33:18.310728+02:00,21.0,48.0,0,0,0,0
2021-06-20 09:33:18.310728+02:00,22.0,49.0,0,0,0,0
2021-06-20 09:33:18.310728+02:00,23.0,50.0,0,0,0,1
2021-06-20 09:33:18.310728+02:00,20.0,47.0,0,0,1,0
2021-06-20 09:33:18.310728+02:00,19.0,46.0,0,0,1,0
2021-06-21 22:27:56.392571+02:00,31.0,28.0,0,0,0,0
2021-06-21 22:27:56.392571+02:00,32.0,29.0,0,0,1,0
2021-06-21 22:27:56.392571+02:00,33.0,30.0,0,0,1,0
2021-06-21 22:27:56.392571+02:00,30.0,27.0,0,0,0,0
2021-06-21 22:27:56.392571+02:00,29.0,26.0,0,0,0,1
2021-06-21 09:08:43.916357+02:00,19.0,55.0,0,0,0,0
2021-06-21 09:08:43.916357+02:00,20.0,56.0,0,0,0,0
2021-06-21 09:08:43.916357+02:00,21.0,57.0,0,0,0,0
2021-06-21 09:08:43.916357+02:00,18.0,54.0,0,0,1,0
2021-06-21 09:08:43.916357+02:00,17.0,53.0,0,0,1,0
2021-06-22 22:23:22.588819+02:00,32.0,32.0,0,0,0,0
2021-06-22 22:23:22.588819+02:00,33.0,33.0,0,0,1,0
2021-06-22 22:23:22.588819+02:00,34.0,34.0,0,0,1,0
2021-06-22 22:23:22.588819+02:00,31.0,31.0,0,0,0,0
2021-06-22 22:23:22.588819+02:00,30.0,30.0,0,0,0,0
2021-06-22 08:38:07.189519+02:00,19.0,55.0,0,0,0,0
2021-06-22 08:38:07.189519+02:00,20.0,56.0,0,0,0,0
2021-06-22 08:38:07.189519+02:00,21.0,57.0,0,0,0,0
2021-06-22 08:38:07.189519+02:00,18.0,54.0,0,0,1,0
2021-06-22 08:38:07.189519+02:00,17.0,53.0,0,0,1,0
2021-06-23 21:20:05.162822+02:00,35.0,16.0,0,0,0,0
2021-06-23 21:20:05.162822+02:00,36.0,17.0,0,0,1,0
2021-06-23 21:20:05.162822+02:00,37.0,18.0,1,0,1,0
2021-06-23 21:20:05.162822+02:00,34.0,15.0,0,0,0,1
2021-06-23 21:20:05.162822+02:00,33.0,14.0,0,0,0,1
2021-06-23 09:33:33.887668+02:00,18.0,66.0,0,0,0,0
2021-06-23 09:33:33.887668+02:00,19.0,67.0,0,1,0,1
2021-06-23 09:33:33.887668+02:00,20.0,68.0,0,1,0,1
2021-06-23 09:33:33.887668+02:00,17.0,65.0,0,0,1,0
2021-06-23 09:33:33.887668+02:00,16.0,64.0,1,0,1,0
2021-06-24 00:00:08.076892+02:00,32.0,25.0,0,0,0,0
2021-06-24 00:00:08.076892+02:00,33.0,26.0,0,0,1,0
2021-06-24 00:00:08.076892+02:00,34.0,27.0,0,0,1,0
2021-06-24 00:00:08.076892+02:00,31.0,24.0,0,0,0,1
2021-06-24 00:00:08.076892+02:00,30.0,23.0,0,0,0,1
2021-06-24 09:20:17.918148+02:00,22.0,44.0,0,0,0,0
2021-06-24 09:20:17.918148+02:00,23.0,45.0,0,0,0,0
2021-06-24 09:20:17.918148+02:00,24.0,46.0,0,0,0,0
2021-06-24 09:20:17.918148+02:00,21.0,43.0,0,0,1,0
2021-06-24 09:20:17.918148+02:00,20.0,42.0,0,0,1,0
2021-06-07 00:02:24.206762+02:00,34.0,17.0,0,0,0,0
2021-06-07 00:02:24.206762+02:00,35.0,18.0,1,0,0,0
2021-06-07 00:02:24.206762+02:00,36.0,19.0,1,0,0,0
2021-06-07 00:02:24.206762+02:00,33.0,16.0,0,0,0,0
2021-06-07 00:02:24.206762+02:00,32.0,15.0,0,0,0,0
2021-04-29 00:40:05.965209+02:00,20.0,49.0,0,0,0,0
2021-04-29 00:40:05.965209+02:00,21.0,50.0,0,0,0,0
2021-04-29 00:40:05.965209+02:00,22.0,51.0,0,0,0,0
2021-04-29 00:40:05.965209+02:00,19.0,48.0,1,0,0,0
2021-04-29 00:40:05.965209+02:00,18.0,47.0,1,0,0,0
2021-06-08 01:07:52.693895+02:00,31.0,20.0,0,0,0,0
2021-06-08 01:07:52.693895+02:00,32.0,21.0,1,0,0,0
2021-06-08 01:07:52.693895+02:00,33.0,22.0,1,0,0,0
2021-06-08 01:07:52.693895+02:00,30.0,19.0,0,0,0,0
2021-06-08 01:07:52.693895+02:00,29.0,18.0,0,0,0,0
2021-04-30 01:48:19.834840+02:00,19.0,42.0,0,0,0,0
2021-04-30 01:48:19.834840+02:00,20.0,43.0,0,0,0,0
2021-04-30 01:48:19.834840+02:00,21.0,44.0,0,0,0,0
2021-04-30 01:48:19.834840+02:00,18.0,41.0,1,0,0,0
2021-04-30 01:48:19.834840+02:00,17.0,40.0,1,0,1,0
2021-05-30 02:04:02.997764+02:00,29.0,39.0,0,0,0,0
2021-05-30 02:04:02.997764+02:00,30.0,40.0,1,0,0,0
2021-05-30 02:04:02.997764+02:00,31.0,41.0,1,0,0,0
2021-05-30 02:04:02.997764+02:00,28.0,38.0,0,0,0,0
2021-05-30 02:04:02.997764+02:00,27.0,37.0,0,0,0,0
2021-04-30 02:03:20.084868+02:00,19.0,42.0,0,0,0,0
2021-04-30 02:03:20.084868+02:00,20.0,43.0,0,0,0,0
2021-04-30 02:03:20.084868+02:00,21.0,44.0,0,0,0,0
2021-04-30 02:03:20.084868+02:00,18.0,41.0,1,0,0,0
2021-04-30 02:03:20.084868+02:00,17.0,40.0,1,0,1,0
2021-05-31 03:09:29.148342+02:00,29.0,38.0,0,0,0,0
2021-05-31 03:09:29.148342+02:00,30.0,39.0,1,0,0,0
2021-05-31 03:09:29.148342+02:00,31.0,40.0,1,0,1,0
2021-05-31 03:09:29.148342+02:00,28.0,37.0,0,0,0,0
2021-05-31 03:09:29.148342+02:00,27.0,36.0,0,0,0,0
2021-04-29 03:00:09.529647+02:00,19.0,52.0,0,0,0,0
2021-04-29 03:00:09.529647+02:00,20.0,53.0,0,0,0,0
2021-04-29 03:00:09.529647+02:00,21.0,54.0,0,0,0,0
2021-04-29 03:00:09.529647+02:00,18.0,51.0,1,0,0,0
2021-04-29 03:00:09.529647+02:00,17.0,50.0,1,0,0,0
2021-05-21 04:00:22.750867+02:00,28.0,38.0,0,0,0,0
2021-05-21 04:00:22.750867+02:00,29.0,39.0,1,0,0,0
2021-05-21 04:00:22.750867+02:00,30.0,40.0,1,0,0,0
2021-05-21 04:00:22.750867+02:00,27.0,37.0,0,0,0,0
2021-05-21 04:00:22.750867+02:00,26.0,36.0,0,0,0,0
2021-05-01 04:34:13.933112+02:00,18.0,38.0,0,0,0,0
2021-05-01 04:34:13.933112+02:00,19.0,39.0,0,0,0,0
2021-05-01 04:34:13.933112+02:00,20.0,40.0,0,0,0,0
2021-05-01 04:34:13.933112+02:00,17.0,37.0,1,0,0,0
2021-05-01 04:34:13.933112+02:00,16.0,36.0,1,0,1,0
2021-05-30 05:04:06.398381+02:00,28.0,41.0,0,0,0,0
2021-05-30 05:04:06.398381+02:00,29.0,42.0,1,0,0,0
2021-05-30 05:04:06.398381+02:00,30.0,43.0,1,0,0,0
2021-05-30 05:04:06.398381+02:00,27.0,40.0,0,0,0,0
2021-05-30 05:04:06.398381+02:00,26.0,39.0,0,0,0,0
2021-05-01 05:04:14.402193+02:00,18.0,39.0,0,0,0,0
2021-05-01 05:04:14.402193+02:00,19.0,40.0,0,0,0,0
2021-05-01 05:04:14.402193+02:00,20.0,41.0,0,0,0,1
2021-05-01 05:04:14.402193+02:00,17.0,38.0,1,0,0,0
2021-05-01 05:04:14.402193+02:00,16.0,37.0,1,0,1,0
2021-05-30 06:04:07.516825+02:00,28.0,41.0,0,0,0,0
2021-05-30 06:04:07.516825+02:00,29.0,42.0,1,0,0,0
2021-05-30 06:04:07.516825+02:00,30.0,43.0,1,0,0,0
2021-05-30 06:04:07.516825+02:00,27.0,40.0,0,0,0,0
2021-05-30 06:04:07.516825+02:00,26.0,39.0,0,0,0,0
2021-05-31 07:09:33.155674+02:00,28.0,36.0,0,0,0,0
2021-05-31 07:09:33.155674+02:00,29.0,37.0,1,0,0,0
2021-05-31 07:09:33.155674+02:00,30.0,38.0,1,0,0,0
2021-05-31 07:09:33.155674+02:00,27.0,35.0,0,0,0,0
2021-05-31 07:09:33.155674+02:00,26.0,34.0,0,0,0,1
2021-05-01 07:04:16.383453+02:00,17.0,40.0,0,0,0,0
2021-05-01 07:04:16.383453+02:00,18.0,41.0,0,0,0,1
2021-05-01 07:04:16.383453+02:00,19.0,42.0,0,0,0,1
2021-05-01 07:04:16.383453+02:00,16.0,39.0,1,0,1,0
2021-05-01 07:04:16.383453+02:00,15.0,38.0,1,0,1,0
2021-05-31 08:09:34.068187+02:00,28.0,37.0,0,0,0,0
2021-05-31 08:09:34.068187+02:00,29.0,38.0,1,0,0,0
2021-05-31 08:09:34.068187+02:00,30.0,39.0,1,0,0,0
2021-05-31 08:09:34.068187+02:00,27.0,36.0,0,0,0,0
2021-05-31 08:09:34.068187+02:00,26.0,35.0,0,0,0,0
2021-05-01 08:04:17.482918+02:00,17.0,40.0,0,0,0,0
2021-05-01 08:04:17.482918+02:00,18.0,41.0,0,0,0,1
2021-05-01 08:04:17.482918+02:00,19.0,42.0,0,0,0,1
2021-05-01 08:04:17.482918+02:00,16.0,39.0,1,0,1,0
2021-05-01 08:04:17.482918+02:00,15.0,38.0,1,0,1,0
2021-05-31 09:09:35.078432+02:00,28.0,37.0,0,0,0,0
2021-05-31 09:09:35.078432+02:00,29.0,38.0,1,0,0,0
2021-05-31 09:09:35.078432+02:00,30.0,39.0,1,0,0,0
2021-05-31 09:09:35.078432+02:00,27.0,36.0,0,0,0,0
2021-05-31 09:09:35.078432+02:00,26.0,35.0,0,0,0,0
2021-05-01 09:04:18.661321+02:00,17.0,40.0,0,0,0,0
2021-05-01 09:04:18.661321+02:00,18.0,41.0,0,0,0,1
2021-05-01 09:04:18.661321+02:00,19.0,42.0,0,0,0,1
2021-05-01 09:04:18.661321+02:00,16.0,39.0,1,0,1,0
2021-05-01 09:04:18.661321+02:00,15.0,38.0,1,0,1,0
2021-05-16 10:57:22.153638+02:00,31.0,33.0,0,0,0,0
2021-05-16 10:57:22.153638+02:00,32.0,34.0,1,0,0,0
2021-05-16 10:57:22.153638+02:00,33.0,35.0,1,0,0,0
2021-05-16 10:57:22.153638+02:00,30.0,32.0,0,0,0,0
2021-05-16 10:57:22.153638+02:00,29.0,31.0,0,0,0,0
2021-05-01 10:04:19.632769+02:00,17.0,40.0,0,0,0,0
2021-05-01 10:04:19.632769+02:00,18.0,41.0,0,0,0,1
2021-05-01 10:04:19.632769+02:00,19.0,42.0,0,0,0,1
2021-05-01 10:04:19.632769+02:00,16.0,39.0,1,0,1,0
2021-05-01 10:04:19.632769+02:00,15.0,38.0,1,0,1,0
2021-05-16 11:32:22.740852+02:00,32.0,32.0,0,0,0,0
2021-05-16 11:32:22.740852+02:00,33.0,33.0,1,0,0,0
2021-05-16 11:32:22.740852+02:00,34.0,34.0,1,0,0,0
2021-05-16 11:32:22.740852+02:00,31.0,31.0,0,0,0,0
2021-05-16 11:32:22.740852+02:00,30.0,30.0,0,0,0,0
2021-04-29 11:40:19.802997+02:00,17.0,54.0,0,0,0,0
2021-04-29 11:40:19.802997+02:00,18.0,55.0,0,0,0,0
2021-04-29 11:40:19.802997+02:00,19.0,56.0,0,0,0,0
2021-04-29 11:40:19.802997+02:00,16.0,53.0,1,0,1,0
2021-04-29 11:40:19.802997+02:00,15.0,52.0,1,0,1,0
2021-06-03 12:00:44.843429+02:00,32.0,33.0,0,0,0,0
2021-06-03 12:00:44.843429+02:00,33.0,34.0,1,0,0,0
2021-06-03 12:00:44.843429+02:00,34.0,35.0,1,0,0,0
2021-06-03 12:00:44.843429+02:00,31.0,32.0,0,0,0,0
2021-06-03 12:00:44.843429+02:00,30.0,31.0,0,0,0,0
2021-05-30 13:59:15.595121+02:00,31.0,38.0,0,0,0,0
2021-05-30 13:59:15.595121+02:00,32.0,39.0,1,0,0,0
2021-05-30 13:59:15.595121+02:00,33.0,40.0,1,0,0,0
2021-05-30 13:59:15.595121+02:00,30.0,37.0,0,0,0,0
2021-05-30 13:59:15.595121+02:00,29.0,36.0,0,0,0,0
2021-04-29 13:00:21.027909+02:00,18.0,47.0,0,0,0,0
2021-04-29 13:00:21.027909+02:00,19.0,48.0,0,0,0,0
2021-04-29 13:00:21.027909+02:00,20.0,49.0,0,0,0,0
2021-04-29 13:00:21.027909+02:00,17.0,46.0,1,0,0,0
2021-04-29 13:00:21.027909+02:00,16.0,45.0,1,0,1,0
2021-05-30 14:29:16.196042+02:00,32.0,37.0,0,0,0,0
2021-05-30 14:29:16.196042+02:00,33.0,38.0,1,0,0,0
2021-05-30 14:29:16.196042+02:00,34.0,39.0,1,0,0,0
2021-05-30 14:29:16.196042+02:00,31.0,36.0,0,0,0,0
2021-05-30 14:29:16.196042+02:00,30.0,35.0,0,0,0,0
2021-04-29 14:00:22.912931+02:00,19.0,42.0,0,0,0,0
2021-04-29 14:00:22.912931+02:00,20.0,43.0,0,0,0,0
2021-04-29 14:00:22.912931+02:00,21.0,44.0,0,0,0,0
2021-04-29 14:00:22.912931+02:00,18.0,41.0,1,0,0,0
2021-04-29 14:00:22.912931+02:00,17.0,40.0,1,0,0,0
2021-05-30 15:59:17.593920+02:00,34.0,32.0,0,0,0,0
2021-05-30 15:59:17.593920+02:00,35.0,33.0,1,0,0,0
2021-05-30 15:59:17.593920+02:00,36.0,34.0,1,0,1,0
2021-05-30 15:59:17.593920+02:00,33.0,31.0,0,0,0,0
2021-05-30 15:59:17.593920+02:00,32.0,30.0,0,0,0,0
2021-04-29 15:00:23.937544+02:00,19.0,41.0,0,0,0,0
2021-04-29 15:00:23.937544+02:00,20.0,42.0,0,0,0,0
2021-04-29 15:00:23.937544+02:00,21.0,43.0,0,0,0,0
2021-04-29 15:00:23.937544+02:00,18.0,40.0,1,0,0,0
2021-04-29 15:00:23.937544+02:00,17.0,39.0,1,0,0,0
2021-05-30 16:14:17.798794+02:00,34.0,32.0,0,0,0,0
2021-05-30 16:14:17.798794+02:00,35.0,33.0,1,0,0,0
2021-05-30 16:14:17.798794+02:00,36.0,34.0,1,0,1,0
2021-05-30 16:14:17.798794+02:00,33.0,31.0,0,0,0,0
2021-05-30 16:14:17.798794+02:00,32.0,30.0,0,0,0,0
2021-04-27 16:59:30.162899+02:00,20.0,59.0,0,0,0,0
2021-04-27 16:59:30.162899+02:00,21.0,60.0,0,0,0,0
2021-04-27 16:59:30.162899+02:00,22.0,61.0,0,0,0,0
2021-04-27 16:59:30.162899+02:00,19.0,58.0,1,0,0,0
2021-04-27 16:59:30.162899+02:00,18.0,57.0,1,0,1,0
2021-05-30 17:14:18.939942+02:00,34.0,31.0,0,0,0,0
2021-05-30 17:14:18.939942+02:00,35.0,32.0,1,0,0,0
2021-05-30 17:14:18.939942+02:00,36.0,33.0,1,0,1,0
2021-05-30 17:14:18.939942+02:00,33.0,30.0,0,0,0,0
2021-05-30 17:14:18.939942+02:00,32.0,29.0,0,0,0,0
2021-04-27 17:14:30.463257+02:00,20.0,58.0,0,0,0,0
2021-04-27 17:14:30.463257+02:00,21.0,59.0,0,0,0,0
2021-04-27 17:14:30.463257+02:00,22.0,60.0,0,0,0,0
2021-04-27 17:14:30.463257+02:00,19.0,57.0,1,0,0,0
2021-04-27 17:14:30.463257+02:00,18.0,56.0,1,0,1,0
2021-05-08 18:37:23.778343+02:00,34.0,21.0,0,0,0,0
2021-05-08 18:37:23.778343+02:00,35.0,22.0,1,0,0,0
2021-05-08 18:37:23.778343+02:00,36.0,23.0,1,0,1,0
2021-05-08 18:37:23.778343+02:00,33.0,20.0,0,0,0,0
2021-05-08 18:37:23.778343+02:00,32.0,19.0,0,0,0,0
2021-04-27 18:04:31.257802+02:00,21.0,58.0,0,0,0,0
2021-04-27 18:04:31.257802+02:00,22.0,59.0,0,0,0,0
2021-04-27 18:04:31.257802+02:00,23.0,60.0,0,0,0,0
2021-04-27 18:04:31.257802+02:00,20.0,57.0,1,0,0,0
2021-04-27 18:04:31.257802+02:00,19.0,56.0,1,0,0,0
2021-04-26 19:59:03.611631+02:00,22.0,53.0,0,0,0,0
2021-04-26 19:59:03.611631+02:00,23.0,54.0,0,0,0,0
2021-04-26 19:59:03.611631+02:00,24.0,55.0,0,0,0,0
2021-04-26 19:59:03.611631+02:00,21.0,52.0,1,0,0,0
2021-04-26 19:59:03.611631+02:00,20.0,51.0,1,0,1,0
2021-05-15 20:00:38.813496+02:00,36.0,15.0,0,0,0,0
2021-05-15 20:00:38.813496+02:00,37.0,16.0,1,0,1,0
2021-05-15 20:00:38.813496+02:00,38.0,17.0,1,0,1,0
2021-05-15 20:00:38.813496+02:00,35.0,14.0,0,0,0,0
2021-05-15 20:00:38.813496+02:00,34.0,13.0,0,0,0,0
2021-05-18 21:11:57.316085+02:00,36.0,15.0,0,0,0,0
2021-05-18 21:11:57.316085+02:00,37.0,16.0,1,0,1,0
2021-05-18 21:11:57.316085+02:00,38.0,17.0,1,0,1,0
2021-05-18 21:11:57.316085+02:00,35.0,14.0,0,0,0,0
2021-05-18 21:11:57.316085+02:00,34.0,13.0,0,0,0,1
2021-05-10 21:03:16.735552+02:00,22.0,39.0,0,0,0,0
2021-05-10 21:03:16.735552+02:00,23.0,40.0,0,0,0,0
2021-05-10 21:03:16.735552+02:00,24.0,41.0,0,0,0,0
2021-05-10 21:03:16.735552+02:00,21.0,38.0,1,0,0,0
2021-05-10 21:03:16.735552+02:00,20.0,37.0,1,0,0,0
2021-05-15 22:15:41.096076+02:00,36.0,14.0,0,0,0,0
2021-05-15 22:15:41.096076+02:00,37.0,15.0,1,0,1,0
2021-05-15 22:15:41.096076+02:00,38.0,16.0,1,0,1,0
2021-05-15 22:15:41.096076+02:00,35.0,13.0,0,0,0,0
2021-05-15 22:15:41.096076+02:00,34.0,12.0,0,0,0,1
2021-05-27 22:08:05.218221+02:00,23.0,55.0,0,0,0,0
2021-05-27 22:08:05.218221+02:00,24.0,56.0,0,0,0,0
2021-05-27 22:08:05.218221+02:00,25.0,57.0,0,1,0,0
2021-05-27 22:08:05.218221+02:00,22.0,54.0,1,0,0,0
2021-05-27 22:08:05.218221+02:00,21.0,53.0,1,0,1,0
2021-06-06 23:17:23.305701+02:00,36.0,15.0,0,0,0,0
2021-06-06 23:17:23.305701+02:00,37.0,16.0,1,0,1,0
2021-06-06 23:17:23.305701+02:00,38.0,17.0,1,0,1,0
2021-06-06 23:17:23.305701+02:00,35.0,14.0,0,0,0,1
2021-06-06 23:17:23.305701+02:00,34.0,13.0,0,0,0,1
2021-04-29 23:43:17.593625+02:00,21.0,36.0,0,0,0,0
2021-04-29 23:43:17.593625+02:00,22.0,37.0,0,0,0,0
2021-04-29 23:43:17.593625+02:00,23.0,38.0,0,0,0,0
2021-04-29 23:43:17.593625+02:00,20.0,35.0,1,0,0,0
2021-04-29 23:43:17.593625+02:00,19.0,34.0,1,0,0,0
2021-05-28 00:23:07.259450+02:00,21.0,11.0,0,1,1,1
2021-05-28 00:23:07.259450+02:00,21.0,10.0,0,1,1,1
2021-05-28 00:23:07.259450+02:00,21.0,60.0,0,1,1,1
2021-05-28 00:23:07.259450+02:00,21.0,61.0,0,1,1,1
2021-06-08 01:07:52.693895+02:00,31.0,16.0,0,1,0,0
2021-06-08 01:07:52.693895+02:00,31.0,15.0,0,1,0,0
2021-06-08 01:07:52.693895+02:00,31.0,61.0,0,1,0,1
2021-06-08 01:07:52.693895+02:00,31.0,62.0,0,1,0,1
2021-05-30 02:04:02.997764+02:00,31.0,18.0,1,1,0,1
2021-05-30 02:04:02.997764+02:00,31.0,17.0,1,1,0,1
2021-05-30 02:04:02.997764+02:00,31.0,62.0,1,1,0,1
2021-05-30 02:04:02.997764+02:00,31.0,63.0,1,1,0,1
2021-05-31 03:09:29.148342+02:00,29.0,18.0,0,1,0,1
2021-05-31 03:09:29.148342+02:00,29.0,17.0,0,1,0,1
2021-05-31 03:09:29.148342+02:00,29.0,63.0,0,1,0,0
2021-05-31 03:09:29.148342+02:00,29.0,64.0,0,1,0,1
2021-05-21 04:00:22.750867+02:00,28.0,19.0,0,1,0,0
2021-05-21 04:00:22.750867+02:00,28.0,18.0,0,1,0,0
2021-05-21 04:00:22.750867+02:00,28.0,64.0,0,1,0,1
2021-05-21 04:00:22.750867+02:00,28.0,65.0,0,1,0,1
2021-05-21 05:50:15.848688+02:00,21.0,20.0,0,1,1,0
2021-05-21 05:50:15.848688+02:00,21.0,19.0,0,1,1,0
2021-05-21 05:50:15.848688+02:00,21.0,63.0,0,1,1,1
2021-05-21 05:50:15.848688+02:00,21.0,64.0,0,1,1,1
2021-05-17 06:21:15.400363+02:00,21.0,21.0,0,1,1,0
2021-05-17 06:21:15.400363+02:00,21.0,20.0,0,1,1,0
2021-05-17 06:21:15.400363+02:00,21.0,64.0,0,1,1,1
2021-05-17 06:21:15.400363+02:00,21.0,65.0,0,1,1,1
2021-05-25 07:26:58.348133+02:00,20.0,22.0,0,1,1,0
2021-05-25 07:26:58.348133+02:00,20.0,21.0,0,1,1,0
2021-05-25 07:26:58.348133+02:00,20.0,66.0,0,1,1,1
2021-05-25 07:26:58.348133+02:00,20.0,67.0,0,1,1,1
2021-05-22 08:40:44.452257+02:00,22.0,23.0,0,1,0,0
2021-05-22 08:40:44.452257+02:00,22.0,22.0,0,1,0,0
2021-05-22 08:40:44.452257+02:00,22.0,66.0,0,1,0,1
2021-05-22 08:40:44.452257+02:00,22.0,67.0,0,1,0,1
2021-06-06 09:22:08.074232+02:00,21.0,24.0,0,1,1,0
2021-06-06 09:22:08.074232+02:00,21.0,23.0,0,1,1,0
2021-06-06 09:22:08.074232+02:00,21.0,67.0,0,1,1,1
2021-06-06 09:22:08.074232+02:00,21.0,68.0,0,1,1,1
2021-05-19 10:02:10.445150+02:00,21.0,22.0,0,1,1,0
2021-05-19 10:02:10.445150+02:00,21.0,21.0,0,1,1,0
2021-05-19 10:02:10.445150+02:00,21.0,67.0,0,1,1,1
2021-05-19 10:02:10.445150+02:00,21.0,68.0,0,1,1,1
2021-05-20 11:27:26.090641+02:00,24.0,21.0,0,1,0,0
2021-05-20 11:27:26.090641+02:00,24.0,20.0,0,1,0,0
2021-05-20 11:27:26.090641+02:00,24.0,69.0,0,1,0,1
2021-05-20 11:27:26.090641+02:00,24.0,70.0,0,1,0,1
2021-04-29 12:25:20.412991+02:00,19.0,21.0,0,1,0,1
2021-04-29 12:25:20.412991+02:00,19.0,20.0,0,1,0,1
2021-04-29 12:25:20.412991+02:00,19.0,65.0,0,1,0,1
2021-04-29 12:25:20.412991+02:00,19.0,66.0,0,1,0,1
2021-05-30 13:59:15.595121+02:00,31.0,24.0,0,1,0,1
2021-05-30 13:59:15.595121+02:00,31.0,23.0,0,1,0,1
2021-05-30 13:59:15.595121+02:00,31.0,64.0,0,1,0,1
2021-05-30 13:59:15.595121+02:00,31.0,65.0,0,1,0,1
2021-05-30 14:29:16.196042+02:00,32.0,23.0,0,1,0,1
2021-05-30 14:29:16.196042+02:00,32.0,22.0,0,1,0,1
2021-05-30 14:29:16.196042+02:00,32.0,60.0,0,1,0,1
2021-05-30 14:29:16.196042+02:00,32.0,61.0,0,1,0,1
2021-05-30 15:59:17.593920+02:00,34.0,21.0,0,1,0,1
2021-05-30 15:59:17.593920+02:00,34.0,20.0,0,1,0,1
2021-05-30 15:59:17.593920+02:00,34.0,64.0,0,1,0,1
2021-05-30 15:59:17.593920+02:00,34.0,65.0,0,1,0,1
2021-05-03 16:01:59.165487+02:00,29.0,20.0,0,1,1,1
2021-05-03 16:01:59.165487+02:00,29.0,19.0,0,1,1,1
2021-05-03 16:01:59.165487+02:00,29.0,65.0,0,1,1,1
2021-05-03 16:01:59.165487+02:00,29.0,66.0,0,1,1,1
2021-05-09 17:12:48.197314+02:00,23.0,15.0,0,1,0,1
2021-05-09 17:12:48.197314+02:00,23.0,14.0,0,1,0,1
2021-05-09 17:12:48.197314+02:00,23.0,61.0,0,1,0,1
2021-05-09 17:12:48.197314+02:00,23.0,62.0,0,1,0,1
2021-05-22 18:30:55.240113+02:00,33.0,12.0,0,1,0,0
2021-05-22 18:30:55.240113+02:00,33.0,11.0,0,1,0,0
2021-05-22 18:30:55.240113+02:00,33.0,61.0,0,1,0,1
2021-05-22 18:30:55.240113+02:00,33.0,62.0,0,1,0,1
2021-05-26 19:42:37.216147+02:00,35.0,11.0,0,1,1,1
2021-05-26 19:42:37.216147+02:00,35.0,10.0,0,1,1,1
2021-05-26 19:42:37.216147+02:00,35.0,59.0,0,1,1,1
2021-05-26 19:42:37.216147+02:00,35.0,60.0,0,1,1,1
2021-05-12 20:59:08.028037+02:00,36.0,7.0,0,1,1,1
2021-05-12 20:59:08.028037+02:00,36.0,6.0,0,1,1,1
2021-05-12 20:59:08.028037+02:00,36.0,63.0,0,1,1,1
2021-05-12 20:59:08.028037+02:00,36.0,64.0,0,1,1,1
2021-05-13 21:24:34.229798+02:00,35.0,5.0,0,1,1,1
2021-05-13 21:24:34.229798+02:00,35.0,4.0,0,1,1,1
2021-05-13 21:24:34.229798+02:00,35.0,64.0,0,1,1,1
2021-05-13 21:24:34.229798+02:00,35.0,65.0,0,1,1,1
2021-06-03 22:11:03.895676+02:00,34.0,4.0,0,1,0,1
2021-06-03 22:11:03.895676+02:00,34.0,3.0,0,1,0,1
2021-06-03 22:11:03.895676+02:00,34.0,57.0,0,1,0,1
2021-06-03 22:11:03.895676+02:00,34.0,58.0,0,1,0,1
2021-06-06 23:17:23.305701+02:00,38.0,5.0,1,1,1,1
2021-06-06 23:17:23.305701+02:00,38.0,4.0,1,1,1,1
2021-06-06 23:17:23.305701+02:00,38.0,58.0,1,1,1,1
2021-06-06 23:17:23.305701+02:00,38.0,59.0,1,1,1,1
2021-04-29 11:00:00+02:00,31.0,65.0,0,0,1,1
2021-04-29 02:00:00+02:00,30.0,28.0,1,0,1,1
2021-04-29 06:00:00+02:00,29.0,60.0,1,0,1,1
2021-05-03 04:00:00+02:00,30.0,50.0,1,0,1,1
2021-05-03 00:00:00+02:00,31.0,40.0,0,0,1,0
2021-05-03 11:00:00+02:00,32.0,34.0,0,0,1,0
2021-05-03 12:00:00+02:00,33.0,35.0,1,0,1,0
2021-05-03 12:00:00+02:00,34.0,29.0,1,0,1,0
2021-05-03 13:00:00+02:00,35.0,33.0,1,0,1,0
2021-05-03 22:00:00+02:00,36.0,55.0,0,0,1,1
2021-05-10 11:00:00+02:00,32.0,29.0,0,0,1,1
2021-05-10 00:00:00+02:00,33.0,28.0,0,0,1,1
2021-05-10 23:00:00+02:00,34.0,43.0,0,0,1,0
2021-05-27 00:00:00+02:00,30.0,33.0,0,0,1,0
2021-05-27 00:00:00+02:00,31.0,12.0,0,0,1,1
2021-05-27 00:00:00+02:00,32.0,34.0,0,0,1,0
2021-05-27 00:00:00+02:00,33.0,26.0,0,0,1,1
2021-05-27 00:00:00+02:00,34.0,29.0,0,0,1,1
2021-05-27 22:00:00+02:00,35.0,39.0,0,0,1,0
2021-05-31 00:00:00+02:00,33.0,33.0,0,0,1,1
2021-05-31 00:00:00+02:00,34.0,33.0,0,0,1,1
2021-05-31 00:00:00+02:00,35.0,33.0,1,0,1,1
2021-06-01 00:00:00+02:00,34.0,33.0,0,0,1,0
2021-06-01 16:00:00+02:00,35.0,33.0,1,0,1,0
2021-05-02 16:00:00+02:00,27.0,20.0,0,1,0,0
2021-05-02 16:00:00+02:00,28.0,33.0,0,0,0,0
2021-05-02 16:00:00+02:00,29.0,33.0,0,0,0,0
2021-05-02 16:00:00+02:00,30.0,33.0,0,0,0,0
2021-05-02 16:00:00+02:00,31.0,33.0,0,0,0,0
